{"accuracy": 0.8996983069164265, "precision": 0.578057862669381, "recall": 0.4797327253521759, "f1_score": 0.5037548707899593, "mcc_score": 0.7612468966615733, "auroc": 0.9223216366767883, "auprc": 0.5144456028938293}